{"val_loss": [1.4850878532409668, 1.0463839866638183, 0.9200767708778381, 0.9697134441375732, 0.8177378831863403, 0.7012958183288575, 0.7032547930717469, 0.9001159694671631, 0.618912560081482, 0.6139781782150269, 0.6074781308174133, 0.5633567558288575, 0.5807482397079468, 0.5503530861854553, 0.5616704442024231, 0.5109985497474671, 0.5045199486732483, 0.5317173355102539, 0.5349901270866394, 0.4928418483734131, 0.4806742796897888, 0.4958979796409607, 0.5019386433601379, 0.46623821811676025, 0.49334672985076905, 0.4495253878593445, 0.46297863092422487, 0.4602441438674927, 0.5202320678710938, 0.45283447856903075, 0.47988452100753787, 0.48162430210113527, 0.4606215291976929, 0.444708649969101, 0.4630580422401428, 0.45582051219940184, 0.4718778312206268, 0.4553859283447266, 0.46126072483062747, 0.4574863829612732, 0.45724715518951414, 0.4538224365234375, 0.46981959323883055, 0.4703553951263428, 0.474209725522995, 0.4580758524894714, 0.46184327540397646, 0.4566091550827026, 0.44448772354125976, 0.44035094261169433, 0.4508422227859497, 0.44995168948173525, 0.4533906753540039, 0.45873165497779844, 0.47118484191894533, 0.49986785969734193, 0.4567843839645386, 0.45520117807388305, 0.4812303685665131, 0.4784881421089172, 0.47031634707450864, 0.5001590909957886, 0.4575944586753845, 0.46926675009727475, 0.5096692865371704, 0.46292651596069334, 0.44963470449447634, 0.45941943440437316, 0.46192735266685486, 0.4559573152065277, 0.4721389563083649, 0.4716689878463745, 0.459295023727417, 0.4726208381175995, 0.45946560068130493, 0.465588032913208, 0.4552773208141327, 0.5009480845928193, 0.45745700302124026, 0.469172687292099, 0.46611481308937075, 0.4942152767658234, 0.47419513573646543, 0.471980553817749, 0.47909675488471987, 0.46842291650772094, 0.46369147477149963, 0.4866045455932617, 0.4715565847873688, 0.4825184840202332, 0.4634952642440796, 0.48303741660118105, 0.48379376158714293, 0.4772663556098938, 0.473120974779129, 0.45932871866226194, 0.4668240161895752, 0.48351993803977966, 0.46949358973503114, 0.5065574252605438], "val_acc": [0.4854, 0.6171, 0.6787, 0.659, 0.7195, 0.7582, 0.7624, 0.6974, 0.7883, 0.7893, 0.7919, 0.809, 0.8004, 0.8141, 0.8063, 0.8252, 0.8284, 0.826, 0.8217, 0.834, 0.8383, 0.8312, 0.8327, 0.8423, 0.8352, 0.8515, 0.8445, 0.8495, 0.8322, 0.8477, 0.8423, 0.8433, 0.8501, 0.8556, 0.8515, 0.8555, 0.8487, 0.8561, 0.8551, 0.8559, 0.858, 0.8583, 0.8533, 0.8514, 0.8522, 0.8595, 0.8587, 0.8572, 0.8616, 0.8586, 0.8579, 0.8601, 0.8611, 0.8643, 0.8582, 0.8497, 0.8595, 0.8649, 0.8549, 0.8548, 0.858, 0.8542, 0.8607, 0.8564, 0.8511, 0.8628, 0.8632, 0.8628, 0.8619, 0.8626, 0.8599, 0.8631, 0.8631, 0.8627, 0.8649, 0.8651, 0.8698, 0.8544, 0.8698, 0.8652, 0.866, 0.8593, 0.8683, 0.866, 0.8622, 0.8689, 0.8663, 0.8618, 0.8684, 0.8626, 0.8703, 0.8675, 0.8643, 0.8656, 0.865, 0.8704, 0.8701, 0.8649, 0.8683, 0.8618], "loss": [1.8322321600341798, 1.3368115329933166, 1.1006841207122802, 0.9580091959381104, 0.8680736521148682, 0.7951471530532837, 0.7473188718986511, 0.6992103974914551, 0.6594816547012329, 0.6303202565765381, 0.6030433502960205, 0.5745744153976441, 0.5466052026939392, 0.5293562729072571, 0.5071293598461151, 0.49492376636505125, 0.4738073044013977, 0.45997755920410155, 0.44920416608810426, 0.4339976634597778, 0.42026459651947023, 0.4071265118122101, 0.4018215374279022, 0.38713260997772214, 0.37948194985866546, 0.3678619898700714, 0.3579799235677719, 0.3574501920509338, 0.34775086314201353, 0.3384180562019348, 0.32953293506622316, 0.32554182186126707, 0.3224875720119476, 0.3110189424324036, 0.3117643972301483, 0.29764185797691345, 0.2927139001750946, 0.28797978098869326, 0.285344728717804, 0.2868163084220886, 0.2732645218515396, 0.27058107787132263, 0.26927377880096437, 0.2645696265411377, 0.25886632908821106, 0.25183873576164245, 0.2503578748512268, 0.24786342641353606, 0.24788624531745912, 0.2439546735095978, 0.2397622047805786, 0.22989411112308503, 0.22976833563804627, 0.22912245683670043, 0.22596246417045593, 0.22854067719936372, 0.2284925414133072, 0.22046861734390258, 0.21994197327613832, 0.2167324685716629, 0.2110805000257492, 0.20717413714408875, 0.2068786402463913, 0.20544318398952485, 0.20231254900932313, 0.20264741556167604, 0.20179741127490997, 0.20194507476329804, 0.1971507082939148, 0.1945734583044052, 0.1878413630437851, 0.18871723276376723, 0.18733306810855865, 0.18889422864437103, 0.18275193654060365, 0.18498419823408127, 0.18363363454580306, 0.18200903679609298, 0.18196997954130173, 0.17485639491319657, 0.17556825655937194, 0.17213659775257112, 0.16818338703632355, 0.16834061031579972, 0.17556454157829285, 0.16543375574588776, 0.1660461739397049, 0.16432681366443633, 0.16263888636350632, 0.16660914595127105, 0.16117235039234162, 0.15901847620010376, 0.1606757922101021, 0.15936568352222444, 0.15719873256325723, 0.15551812018632888, 0.15200372817993163, 0.15578281123876572, 0.15196263669610025, 0.15367953340291976], "acc": [0.38626, 0.5362, 0.61914, 0.66638, 0.69954, 0.72372, 0.73902, 0.75812, 0.77072, 0.7792, 0.79082, 0.79914, 0.80818, 0.81512, 0.82294, 0.82518, 0.83328, 0.83862, 0.84254, 0.84794, 0.8518, 0.8554, 0.85792, 0.86176, 0.8671, 0.87066, 0.87402, 0.8739, 0.87814, 0.87958, 0.883, 0.88418, 0.88466, 0.89034, 0.88916, 0.89428, 0.89606, 0.89716, 0.89802, 0.89742, 0.90232, 0.90404, 0.90384, 0.90518, 0.90896, 0.90934, 0.9105, 0.90962, 0.91246, 0.914, 0.91436, 0.91918, 0.91822, 0.91682, 0.91872, 0.9192, 0.91964, 0.92182, 0.92206, 0.92284, 0.92434, 0.92522, 0.92544, 0.92604, 0.92762, 0.9273, 0.92754, 0.9286, 0.9289, 0.92998, 0.93364, 0.93234, 0.93144, 0.93318, 0.93522, 0.93308, 0.9348, 0.9358, 0.9343, 0.93744, 0.93826, 0.93834, 0.94022, 0.9399, 0.93662, 0.94076, 0.94094, 0.94158, 0.94148, 0.94082, 0.94254, 0.94278, 0.94274, 0.94404, 0.94458, 0.94526, 0.94604, 0.9444, 0.94618, 0.94578]}