{"val_loss": [1.2816155214309692, 1.0847437128067017, 1.0537278633117675, 0.7250010403633118, 0.8197835096359253, 0.6367863859176636, 0.6632180563926697, 0.6219539772033691, 0.6763361841201783, 0.6777291151046753, 0.5655328778266907, 0.6025222514152527, 0.5950911674022674, 0.5423398396492004, 0.5309964810371399, 0.5525668734550476, 0.5040206794977188, 0.5622615952491761, 0.4862828540802002, 0.4955092847824097, 0.5034815779209137, 0.48934576082229614, 0.5264215767860413, 0.5007030654430389, 0.4860273209571838, 0.5134499533176422, 0.48809973192214967, 0.4795393627166748, 0.498490923166275, 0.4851845071315765, 0.47322438588142396, 0.4761179271697998, 0.49212596292495725, 0.4735754998683929, 0.4740705817937851, 0.47297913188934326], "val_acc": [0.5355, 0.6264, 0.6393, 0.7492, 0.7112, 0.7767, 0.7688, 0.7832, 0.7678, 0.7668, 0.8041, 0.7945, 0.7983, 0.8189, 0.8217, 0.8123, 0.8338, 0.8128, 0.8373, 0.8363, 0.8344, 0.8377, 0.8285, 0.838, 0.8391, 0.8307, 0.8418, 0.842, 0.8381, 0.846, 0.8459, 0.8471, 0.8403, 0.8484, 0.8462, 0.8519], "loss": [1.7609635853195191, 1.2516606991767882, 1.0626199631118773, 0.9273619880867005, 0.8418669690322876, 0.7809191246795655, 0.7243758479499817, 0.680869974155426, 0.6440815877532959, 0.6153828087234497, 0.593460096282959, 0.562472222290039, 0.5465960971450806, 0.5250070492267609, 0.5009059009838104, 0.4875303965187073, 0.47157894079208373, 0.45813074290275574, 0.44388786761283877, 0.43013139770507813, 0.415586331615448, 0.4073855674362183, 0.401168830165863, 0.3862022209453583, 0.38090540245056154, 0.3712670888710022, 0.36293841260910037, 0.35361976976394655, 0.3444023079109192, 0.3434751295471191, 0.33247214582443235, 0.3215106350040436, 0.31925137056350705, 0.3097049247455597, 0.3058476885986328, 0.30429437014579774], "acc": [0.4127, 0.56684, 0.62974, 0.67748, 0.7094, 0.72886, 0.74812, 0.76148, 0.77752, 0.78578, 0.79402, 0.80462, 0.81026, 0.81662, 0.82456, 0.82964, 0.8357, 0.83908, 0.84394, 0.84924, 0.85538, 0.85468, 0.8615, 0.86328, 0.86584, 0.869, 0.87034, 0.87524, 0.8786, 0.87992, 0.88136, 0.88492, 0.8861, 0.89086, 0.89248, 0.8908]}